sno,fname,lname,gender,location 
1,Jackson,A,male,ANDHRA
2,Joshua,B,male ,TELANGANA
3,Joshua,C,female,UP
4,Jamal,D,male,GUJARAT
5,Ciaran,E,male ,ORISA
6,Hammett,F,female,BANGLORE
7,Nicholas,G,male,BIHAR
8,Kelly,H,male ,DELHI
9,Leroy,I,female,TAMILNADU
10,Lionel,J,male,KERALA
11,Brian,K,male ,ASSAM
12,Omar,L,female,JAIPUR
13,David,M,male,ANDHRA
14,Lyle,N,male ,TELANGANA
15,Kamal,O,female,UP
16,Ian,P,male,GUJARAT
17,Brenden,Q,male ,ORISA
18,Dillon,R,female,BANGLORE
19,Rafael,S,male,BIHAR
20,Tucker,T,male ,DELHI
21,Jacob,U,female,TAMILNADU
22,Jared,V,male,KERALA
23,Matthew,W,male ,ASSAM
24,Hall,X,female,JAIPUR
25,Giacomo,Y,male,ANDHRA
26,Carl,Z,male ,TELANGANA
27,Dieter,A,female,UP
28,Peter,B,male,GUJARAT
29,Jasper,C,male ,ORISA
30,Hiram,D,female,BANGLORE
31,Felix,E,male,BIHAR
32,Erasmus,F,male ,DELHI
33,Lewis,G,female,TAMILNADU
34,Dean,H,male,KERALA
35,Ira,I,male ,ASSAM
36,Brandon,J,female,JAIPUR
37,Hop,K,male,ANDHRA
38,Derek,L,male ,TELANGANA
39,Vladimir,M,female,UP
40,Keegan,N,male,GUJARAT
41,Alan,O,male ,ORISA
42,Dylan,P,female,BANGLORE
43,Thomas,Q,male,BIHAR
44,Kibo,R,male ,DELHI
45,Jacob,S,female,TAMILNADU
46,David,T,male,KERALA
47,Uriel,U,male ,ASSAM
48,Rigel,V,female,JAIPUR
49,Colton,W,male,ANDHRA
50,Valentine,X,male ,TELANGANA
51,Daquan,Y,female,UP
52,Channing,Z,male,GUJARAT
53,Cruz,A,male ,ORISA
54,Tate,B,female,BANGLORE
55,Abbot,C,male,BIHAR
56,Benedict,D,male ,DELHI
57,Thaddeus,E,female,TAMILNADU
58,Xavier,F,male,KERALA
59,Brock,G,male ,ASSAM
60,Trevor,H,female,JAIPUR
61,Nathan,I,male,ANDHRA
62,Keefe,J,male ,TELANGANA
63,Darius,K,female,UP
64,David,L,male,GUJARAT
65,Rafael,M,male ,ORISA
66,Zeph,N,female,BANGLORE
67,Jermaine,O,male,BIHAR
68,Maxwell,P,male ,DELHI
69,Thane,Q,female,TAMILNADU
70,Devin,R,male,KERALA
71,Damian,S,male ,ASSAM
72,Amery,T,female,JAIPUR
73,Porter,U,male,ANDHRA
74,Brady,V,male ,TELANGANA
75,Denton,W,female,UP
76,Yasir,X,male,GUJARAT
77,Lucas,Y,male ,ORISA
78,Geoffrey,Z,female,BANGLORE
79,Hop,A,male,BIHAR
80,Louis,B,male ,DELHI
81,Addison,C,female,TAMILNADU
82,Solomon,D,male,KERALA
83,Beck,E,male ,ASSAM
84,Kirk,F,female,JAIPUR
85,Yoshio,G,male,ANDHRA
86,Asher,H,male ,TELANGANA
87,Chaim,I,female,UP
88,Tanek,J,male,GUJARAT
89,Cairo,K,male ,ORISA
90,Garrett,L,female,BANGLORE
91,Kato,M,male,BIHAR
92,Kato,N,male ,DELHI
93,Armando,O,female,TAMILNADU
94,Sylvester,P,male,KERALA
95,Rajah,Q,male ,ASSAM
96,Gray,R,female,JAIPUR
97,Dexter,S,male,ANDHRA
98,Samuel,T,male ,TELANGANA
99,Josiah,U,female,UP
100,Colin,V,male,GUJARAT
101,Colorado,W,male ,ORISA
102,Burton,X,female,BANGLORE
103,Barry,Y,male,BIHAR
104,Salvador,Z,male ,DELHI
105,Randall,A,female,TAMILNADU
106,Rogan,B,male,KERALA
107,Ashton,C,male ,ASSAM
108,Driscoll,D,female,JAIPUR
109,Roth,E,male,ANDHRA
110,Guy,F,male ,TELANGANA
111,Ronan,G,female,UP
112,Matthew,H,male,GUJARAT
113,Vladimir,I,male ,ORISA
114,Barry,J,female,BANGLORE
115,Cullen,K,male,BIHAR
116,Uriah,L,male ,DELHI
117,Quinn,M,female,TAMILNADU
118,Keefe,N,male,KERALA
119,Alec,O,male ,ASSAM
120,Cadman,P,female,JAIPUR
121,Ishmael,Q,male,ANDHRA
122,Kennan,R,male ,TELANGANA
123,Jacob,S,female,UP
124,Francis,T,male,GUJARAT
125,Chaim,U,male ,ORISA
126,Emerson,V,female,BANGLORE
127,Brett,W,male,BIHAR
128,Quamar,X,male ,DELHI
129,Uriel,Y,female,TAMILNADU
130,Keaton,Z,male,KERALA
131,Myles,A,male ,ASSAM
132,Jasper,B,female,JAIPUR
133,Isaiah,C,male,ANDHRA
134,Grady,D,male ,TELANGANA
135,Chase,E,female,UP
136,Chaim,F,male,GUJARAT
137,Ali,G,male ,ORISA
138,Anthony,H,female,BANGLORE
139,Dean,I,male,BIHAR
140,Malik,J,male ,DELHI
141,Quentin,K,female,TAMILNADU
142,Ahmed,L,male,KERALA
143,Benedict,M,male ,ASSAM
144,Norman,N,female,JAIPUR
145,Damon,O,male,ANDHRA
146,Edward,P,male ,TELANGANA
147,Cyrus,Q,female,UP
148,Cameron,R,male,GUJARAT
149,Garrett,S,male ,ORISA
150,Jackson,T,female,BANGLORE
151,Brennan,U,male,BIHAR
152,Damian,V,male ,DELHI
153,Declan,W,female,TAMILNADU
154,Eagan,X,male,KERALA
155,Brenden,Y,male ,ASSAM
156,Mohammad,Z,female,JAIPUR
157,Jameson,A,male,ANDHRA
158,Preston,B,male ,TELANGANA
159,Owen,C,female,UP
160,Jamal,D,male,GUJARAT
161,Graiden,E,male ,ORISA
162,Charles,F,female,BANGLORE
163,Holmes,G,male,BIHAR
164,Harper,H,male ,DELHI
165,Tyler,I,female,TAMILNADU
166,Hammett,J,male,KERALA
167,Macon,K,male ,ASSAM
168,Davis,L,female,JAIPUR
169,Allen,M,male,ANDHRA
170,Allistair,N,male ,TELANGANA
171,Francis,O,female,UP
172,Boris,P,male,GUJARAT
173,Derek,Q,male ,ORISA
174,Drew,R,female,BANGLORE
175,Carter,S,male,BIHAR
176,Abbot,T,male ,DELHI
177,Giacomo,U,female,TAMILNADU
178,Eaton,V,male,KERALA
179,Xenos,W,male ,ASSAM
180,Wesley,X,female,JAIPUR
181,Hasad,Y,male,ANDHRA
182,Amos,Z,male ,TELANGANA
183,Grady,A,female,UP
184,Jelani,B,male,GUJARAT
185,Hakeem,C,male ,ORISA
186,Thane,D,female,BANGLORE
187,Laith,E,male,BIHAR
188,Samuel,F,male ,DELHI
189,Howard,G,female,TAMILNADU
190,Hasad,H,male,KERALA
191,Lucius,I,male ,ASSAM
192,Dante,J,female,JAIPUR
193,Isaiah,K,male,ANDHRA
194,Xander,L,male ,TELANGANA
195,Myles,M,female,UP
196,Ethan,N,male,GUJARAT
197,Dillon,O,male ,ORISA
198,Reese,P,female,BANGLORE
199,Solomon,Q,male,BIHAR
200,Kane,R,male ,DELHI
201,Audrey,S,female,TAMILNADU
202,Jade,T,male,KERALA
203,Uta,U,male ,ASSAM
204,Unity,V,female,JAIPUR
205,Nola,W,male,ANDHRA
206,Odessa,X,male ,TELANGANA
207,Zorita,Y,female,UP
208,Donna,Z,male,GUJARAT
209,Ariana,A,male ,ORISA
210,Halla,B,female,BANGLORE
211,Wynter,C,male,BIHAR
212,Rebecca,D,male ,DELHI
213,Hadley,E,female,TAMILNADU
214,Cameran,F,male,KERALA
215,Blaine,G,male ,ASSAM
216,Kitra,H,female,JAIPUR
217,Yeo,I,male,ANDHRA
218,Cora,J,male ,TELANGANA
219,Hadley,K,female,UP
220,Audra,L,male,GUJARAT
221,Whoopi,M,male ,ORISA
222,Brielle,N,female,BANGLORE
223,Indira,O,male,BIHAR
224,Charlotte,P,male ,DELHI
225,Tallulah,Q,female,TAMILNADU
226,Piper,R,male,KERALA
227,Eve,S,male ,ASSAM
228,Kaden,T,female,JAIPUR
229,Savannah,U,male,ANDHRA
230,Cailin,V,male ,TELANGANA
231,Zephr,W,female,UP
232,Rhonda,X,male,GUJARAT
233,Maxine,Y,male ,ORISA
234,Myra,Z,female,BANGLORE
235,Sacha,A,male,BIHAR
236,Scarlet,B,male ,DELHI
237,Deborah,C,female,TAMILNADU
238,Courtney,D,male,KERALA
239,Blaine,E,male ,ASSAM
240,Gillian,F,female,JAIPUR
241,Dana,G,male,ANDHRA
242,Brielle,H,male ,TELANGANA
243,Deirdre,I,female,UP
244,April,J,male,GUJARAT
245,Adria,K,male ,ORISA
246,Naomi,L,female,BANGLORE
247,Ria,M,male,BIHAR
248,Shea,N,male ,DELHI
249,Rhoda,O,female,TAMILNADU
250,Stella,P,male,KERALA
251,Jena,Q,male ,ASSAM
252,Tatum,R,female,JAIPUR
253,Miriam,S,male,ANDHRA
254,Sophia,T,male ,TELANGANA
255,Simone,U,female,UP
256,Mia,V,male,GUJARAT
257,Rinah,W,male ,ORISA
258,Judith,X,female,BANGLORE
259,Lilah,Y,male,BIHAR
260,Maisie,Z,male ,DELHI
261,Dana,A,female,TAMILNADU
262,Karyn,B,male,KERALA
263,Molly,C,male ,ASSAM
264,Helen,D,female,JAIPUR
265,Kelsey,E,male,ANDHRA
266,Illana,F,male ,TELANGANA
267,Clementine,G,female,UP
268,Xantha,H,male,GUJARAT
269,Vielka,I,male ,ORISA
270,Cassandra,J,female,BANGLORE
271,Martha,K,male,BIHAR
272,Hayley,L,male ,DELHI
273,Alexis,M,female,TAMILNADU
274,Alyssa,N,male,KERALA
275,Maggy,O,male ,ASSAM
276,Amy,P,female,JAIPUR
277,Shaeleigh,Q,male,ANDHRA
278,Zena,R,male ,TELANGANA
279,Lana,S,female,UP
280,Olympia,T,male,GUJARAT
281,Genevieve,U,male ,ORISA
282,Vivien,V,female,BANGLORE
283,Stacey,W,male,BIHAR
284,Nola,X,male ,DELHI
285,Lacy,Y,female,TAMILNADU
286,Justine,Z,male,KERALA
287,Tanya,A,male ,ASSAM
288,Azalia,B,female,JAIPUR
289,Astra,C,male,ANDHRA
290,Tamara,D,male ,TELANGANA
291,Kristen,E,female,UP
292,Amy,F,male,GUJARAT
293,Urielle,G,male ,ORISA
294,Lunea,H,female,BANGLORE
295,Bo,I,male,BIHAR
296,Mercedes,J,male ,DELHI
297,Dominique,K,female,TAMILNADU
298,Joy,L,male,KERALA
299,Mollie,M,male ,ASSAM
300,Tatiana,N,female,JAIPUR
301,Dorothy,O,male,ANDHRA
302,Sierra,P,male ,TELANGANA
303,Dacey,Q,female,UP
304,Lunea,R,male,GUJARAT
305,Tatiana,S,male ,ORISA
306,Amena,T,female,BANGLORE
307,Madison,U,male,BIHAR
308,Phoebe,V,male ,DELHI
309,Skyler,W,female,TAMILNADU
310,Jescie,X,male,KERALA
311,Tallulah,Y,male ,ASSAM
312,Sigourney,Z,female,JAIPUR
313,Amena,A,male,ANDHRA
314,Remedios,B,male ,TELANGANA
315,Sydney,C,female,UP
316,Teagan,D,male,GUJARAT
317,Yvette,E,male ,ORISA
318,Unity,F,female,BANGLORE
319,Mira,G,male,BIHAR
320,Vera,H,male ,DELHI
321,Brenna,I,female,TAMILNADU
322,Sloane,J,male,KERALA
323,Charity,K,male ,ASSAM
324,Kylee,L,female,JAIPUR
325,Avye,M,male,ANDHRA
326,Marcia,N,male ,TELANGANA
327,Zelenia,O,female,UP
328,Phoebe,P,male,GUJARAT
329,Shay,Q,male ,ORISA
330,Shaeleigh,R,female,BANGLORE
331,Idona,S,male,BIHAR
332,Neve,T,male ,DELHI
333,Ciara,U,female,TAMILNADU
334,Laurel,V,male,KERALA
335,Ignacia,W,male ,ASSAM
336,Aphrodite,X,female,JAIPUR
337,Gay,Y,male,ANDHRA
338,Ruth,Z,male ,TELANGANA
339,Indira,A,female,UP
340,Rinah,B,male,GUJARAT
341,Eve,C,male ,ORISA
342,Nicole,D,female,BANGLORE
343,Freya,E,male,BIHAR
344,Cara,F,male ,DELHI
345,Rana,G,female,TAMILNADU
346,Anika,H,male,KERALA
347,Avye,I,male ,ASSAM
348,Robin,J,female,JAIPUR
349,Astra,K,male,ANDHRA
350,Freya,L,male ,TELANGANA
351,Sacha,M,female,UP
352,Madonna,N,male,GUJARAT
353,Noelle,O,male ,ORISA
354,Kay,P,female,BANGLORE
355,Pearl,Q,male,BIHAR
356,Genevieve,R,male ,DELHI
357,Madonna,S,female,TAMILNADU
358,Eden,T,male,KERALA
359,Anne,U,male ,ASSAM
360,Rana,V,female,JAIPUR
361,Calista,W,male,ANDHRA
362,Yoko,X,male ,TELANGANA
363,Summer,Y,female,UP
364,Karen,Z,male,GUJARAT
365,Giselle,A,male ,ORISA
366,Reagan,B,female,BANGLORE
367,Naida,C,male,BIHAR
368,Jordan,D,male ,DELHI
369,Medge,E,female,TAMILNADU
370,Celeste,F,male,KERALA
371,Melissa,G,male ,ASSAM
372,Madeline,H,female,JAIPUR
373,Jena,I,male,ANDHRA
374,Lee,J,male ,TELANGANA
375,Cora,K,female,UP
376,Scarlett,L,male,GUJARAT
377,Phyllis,M,male ,ORISA
378,Alma,N,female,BANGLORE
379,Brielle,O,male,BIHAR
380,Melinda,P,male ,DELHI
381,Petra,Q,female,TAMILNADU
382,Shelly,R,male,KERALA
383,Kylynn,S,male ,ASSAM
384,Zia,T,female,JAIPUR
385,Lee,U,male,ANDHRA
386,Patience,V,male ,TELANGANA
387,Dakota,W,female,UP
388,Lisandra,X,male,GUJARAT
389,Shay,Y,male ,ORISA
390,Sigourney,Z,female,BANGLORE
391,Zenia,A,male,BIHAR
392,Galena,B,male ,DELHI
393,Margaret,C,female,TAMILNADU
394,Nerea,D,male,KERALA
395,Tanya,E,male ,ASSAM
396,Kendall,F,female,JAIPUR
397,Rose,G,male,ANDHRA
398,Erin,H,male ,TELANGANA
399,Violet,I,female,UP
400,Halee,J,male,GUJARAT
401,Grace,K,male ,ORISA
402,Cecilia,L,female,BANGLORE
403,Blythe,M,male,BIHAR
404,Charde,N,male ,DELHI
405,Hayfa,O,female,TAMILNADU
406,Imani,P,male,KERALA
407,Cassady,Q,male ,ASSAM
408,Kerry,R,female,JAIPUR
409,Brynne,S,male,ANDHRA
410,Kelsey,T,male ,TELANGANA
411,Tara,U,female,UP
412,Lynn,V,male,GUJARAT
413,Alana,W,male ,ORISA
414,Sonia,X,female,BANGLORE
415,Tanya,Y,male,BIHAR
416,Idona,Z,male ,DELHI
417,Deirdre,A,female,TAMILNADU
418,Naomi,B,male,KERALA
419,Deirdre,C,male ,ASSAM
420,Regina,D,female,JAIPUR
421,Nomlanga,E,male,ANDHRA
422,Zelda,F,male ,TELANGANA
423,Ursa,G,female,UP
424,Kiayada,H,male,GUJARAT
425,Nicole,I,male ,ORISA
426,Xaviera,J,female,BANGLORE
427,Zelenia,K,male,BIHAR
428,Phoebe,L,male ,DELHI
429,Shay,M,female,TAMILNADU
430,Shaeleigh,N,male,KERALA
431,Idona,O,male ,ASSAM
432,Neve,P,female,JAIPUR
433,Ciara,Q,male,ANDHRA
434,Laurel,R,male ,TELANGANA
435,Ignacia,S,female,UP
436,Aphrodite,T,male,GUJARAT
437,Gay,U,male ,ORISA
438,Ruth,V,female,BANGLORE
439,Indira,W,male,BIHAR
440,Rinah,X,male ,DELHI
441,Eve,Y,female,TAMILNADU
442,Nicole,Z,male,KERALA
443,Freya,A,male ,ASSAM
444,Cara,B,female,JAIPUR
445,Rana,C,male,ANDHRA
446,Anika,D,male ,TELANGANA
447,Avye,E,female,UP
448,Robin,F,male,GUJARAT
449,Astra,G,male ,ORISA
450,Freya,H,female,BANGLORE
451,Sacha,I,male,BIHAR
452,Madonna,J,male ,DELHI
453,Noelle,K,female,TAMILNADU
454,Kay,L,male,KERALA
455,Pearl,M,male ,ASSAM
456,Genevieve,N,female,JAIPUR
457,Madonna,O,male,ANDHRA
458,Eden,P,male ,TELANGANA
459,Anne,Q,female,UP
460,Rana,R,male,GUJARAT
461,Calista,S,male ,ORISA
462,Yoko,T,female,BANGLORE
463,Summer,U,male,BIHAR
464,Karen,V,male ,DELHI
465,Giselle,W,female,TAMILNADU
466,Reagan,X,male,KERALA
467,Naida,Y,male ,ASSAM
468,Jordan,Z,female,JAIPUR
469,Medge,A,male,ANDHRA
470,Celeste,B,male ,TELANGANA
471,Melissa,C,female,UP
472,Madeline,D,male,GUJARAT
473,Jena,E,male ,ORISA
474,Lee,F,female,BANGLORE
475,Cora,G,male,BIHAR
476,Scarlett,H,male ,DELHI
477,Phyllis,I,female,TAMILNADU
478,Alma,J,male,KERALA
479,Brielle,K,male ,ASSAM
480,Melinda,L,female,JAIPUR
481,Petra,M,male,ANDHRA
482,Shelly,N,male ,TELANGANA
483,Kylynn,O,female,UP
484,Zia,P,male,GUJARAT
485,Lee,Q,male ,ORISA
486,Patience,R,female,BANGLORE
487,Dakota,S,male,BIHAR
488,Lisandra,T,male ,DELHI
489,Shay,U,female,TAMILNADU
490,Sigourney,V,male,KERALA
491,Zenia,W,male ,ASSAM
492,Galena,X,female,JAIPUR
493,Margaret,Y,male,ANDHRA
494,Nerea,Z,male ,TELANGANA
495,Tanya,A,female,UP
496,Kendall,B,male,GUJARAT
497,Rose,C,male ,ORISA
498,Erin,D,female,BANGLORE
499,Violet,E,male,BIHAR
500,Halee,F,male ,DELHI
501,Grace,G,female,TAMILNADU
502,Cecilia,H,male,KERALA
503,Blythe,I,male ,ASSAM
504,Charde,J,female,JAIPUR
505,Hayfa,K,male,ANDHRA
506,Imani,L,male ,TELANGANA
507,Cassady,M,female,UP
508,Kerry,N,male,GUJARAT
509,Brynne,O,male ,ORISA
510,Kelsey,P,female,BANGLORE
511,Tara,Q,male,BIHAR
512,Lynn,R,male ,DELHI
513,Alana,S,female,TAMILNADU
514,Sonia,T,male,KERALA
515,Tanya,U,male ,ASSAM
516,Idona,V,female,JAIPUR
517,Deirdre,W,male,ANDHRA
518,Naomi,X,male ,TELANGANA
519,Deirdre,Y,female,UP
520,Regina,Z,male,GUJARAT
521,Nomlanga,A,male ,ORISA
522,Zelda,B,female,BANGLORE
523,Ursa,C,male,BIHAR
524,Kiayada,D,male ,DELHI
525,Nicole,E,female,TAMILNADU
526,Xaviera,F,male,KERALA
527,Zelenia,G,male ,ASSAM
528,Phoebe,H,female,JAIPUR
529,Shay,I,male,ANDHRA
530,Shaeleigh,J,male ,TELANGANA
531,Idona,K,female,UP
532,Neve,L,male,GUJARAT
533,Ciara,M,male ,ORISA
534,Laurel,N,female,BANGLORE
535,Ignacia,O,male,BIHAR
536,Aphrodite,P,male ,DELHI
537,Gay,Q,female,TAMILNADU
538,Ruth,R,male,KERALA
539,Indira,S,male ,ASSAM
540,Rinah,T,female,JAIPUR
541,Eve,U,male,ANDHRA
542,Nicole,V,male ,TELANGANA
543,Freya,W,female,UP
544,Cara,X,male,GUJARAT
545,Rana,Y,male ,ORISA
546,Anika,Z,female,BANGLORE
547,Avye,A,male,BIHAR
548,Robin,B,male ,DELHI
549,Astra,C,female,TAMILNADU
550,Freya,D,male,KERALA
551,Sacha,E,male ,ASSAM
552,Madonna,F,female,JAIPUR
553,Noelle,G,male,ANDHRA
554,Kay,H,male ,TELANGANA
555,Pearl,I,female,UP
556,Genevieve,J,male,GUJARAT
557,Madonna,K,male ,ORISA
558,Eden,L,female,BANGLORE
559,Anne,M,male,BIHAR
560,Rana,N,male ,DELHI
561,Calista,O,female,TAMILNADU
562,Yoko,P,male,KERALA
563,Summer,Q,male ,ASSAM
564,Karen,R,female,JAIPUR
565,Giselle,S,male,ANDHRA
566,Reagan,T,male ,TELANGANA
567,Naida,U,female,UP
568,Jordan,V,male,GUJARAT
569,Medge,W,male ,ORISA
570,Celeste,X,female,BANGLORE
571,Melissa,Y,male,BIHAR
572,Madeline,Z,male ,DELHI
573,Jena,A,female,TAMILNADU
574,Lee,B,male,KERALA
575,Cora,C,male ,ASSAM
576,Scarlett,D,female,JAIPUR
577,Phyllis,E,male,ANDHRA
578,Alma,F,male ,TELANGANA
579,Brielle,G,female,UP
580,Melinda,H,male,GUJARAT
581,Petra,I,male ,ORISA
582,Shelly,J,female,BANGLORE
583,Kylynn,K,male,BIHAR
584,Zia,L,male ,DELHI
585,Lee,M,female,TAMILNADU
586,Patience,N,male,KERALA
587,Dakota,O,male ,ASSAM
588,Lisandra,P,female,JAIPUR
589,Shay,Q,male,ANDHRA
590,Sigourney,R,male ,TELANGANA
591,Zenia,S,female,UP
592,Galena,T,male,GUJARAT
593,Margaret,U,male ,ORISA
594,Nerea,V,female,BANGLORE
595,Tanya,W,male,BIHAR
596,Kendall,X,male ,DELHI
597,Rose,Y,female,TAMILNADU
598,Erin,Z,male,KERALA
599,Violet,A,male ,ASSAM
600,Halee,B,female,JAIPUR
601,Grace,C,male,ANDHRA
602,Cecilia,D,male ,TELANGANA
603,Blythe,E,female,UP
604,Charde,F,male,GUJARAT
605,Hayfa,G,male ,ORISA
606,Imani,H,female,BANGLORE
607,Cassady,I,male,BIHAR
608,Kerry,J,male ,DELHI
609,Brynne,K,female,TAMILNADU
610,Kelsey,L,male,KERALA
611,Tara,M,male ,ASSAM
612,Lynn,N,female,JAIPUR
613,Alana,O,male,ANDHRA
614,Sonia,P,male ,TELANGANA
615,Tanya,Q,female,UP
616,Idona,R,male,GUJARAT
617,Deirdre,S,male ,ORISA
618,Naomi,T,female,BANGLORE
619,Deirdre,U,male,BIHAR
620,Regina,V,male ,DELHI
621,Nomlanga,W,female,TAMILNADU
622,Zelda,X,male,KERALA
623,Ursa,Y,male ,ASSAM
624,Kiayada,Z,female,JAIPUR
625,Nicole,A,male,ANDHRA
626,Xaviera,B,male ,TELANGANA
627,Zelenia,C,female,UP
628,Phoebe,D,male,GUJARAT
629,Shay,E,male ,ORISA
630,Shaeleigh,F,female,BANGLORE
631,Idona,G,male,BIHAR
632,Neve,H,male ,DELHI
633,Ciara,I,female,TAMILNADU
634,Laurel,J,male,KERALA
635,Ignacia,K,male ,ASSAM
636,Aphrodite,L,female,JAIPUR
637,Gay,M,male,ANDHRA
638,Ruth,N,male ,TELANGANA
639,Indira,O,female,UP
640,Rinah,P,male,GUJARAT
641,Eve,Q,male ,ORISA
642,Nicole,R,female,BANGLORE
643,Freya,S,male,BIHAR
644,Cara,T,male ,DELHI
645,Rana,U,female,TAMILNADU
646,Anika,V,male,KERALA
647,Avye,W,male ,ASSAM
648,Robin,X,female,JAIPUR
649,Astra,Y,male,ANDHRA
650,Freya,Z,male ,TELANGANA
651,Sacha,A,female,UP
652,Madonna,B,male,GUJARAT
653,Noelle,C,male ,ORISA
654,Kay,D,female,BANGLORE
655,Pearl,E,male,BIHAR
656,Genevieve,F,male ,DELHI
657,Madonna,G,female,TAMILNADU
658,Eden,H,male,KERALA
659,Anne,I,male ,ASSAM
660,Rana,J,female,JAIPUR
661,Calista,K,male,ANDHRA
662,Yoko,L,male ,TELANGANA
663,Summer,M,female,UP
664,Karen,N,male,GUJARAT
665,Giselle,O,male ,ORISA
666,Reagan,P,female,BANGLORE
667,Naida,Q,male,BIHAR
668,Jordan,R,male ,DELHI
669,Medge,S,female,TAMILNADU
670,Celeste,T,male,KERALA
671,Melissa,U,male ,ASSAM
672,Madeline,V,female,JAIPUR
673,Jena,W,male,ANDHRA
674,Lee,X,male ,TELANGANA
675,Cora,Y,female,UP
676,Scarlett,Z,male,GUJARAT
677,Phyllis,A,male ,ORISA
678,Alma,B,female,BANGLORE
679,Brielle,C,male,BIHAR
680,Melinda,D,male ,DELHI
681,Petra,E,female,TAMILNADU
682,Shelly,F,male,KERALA
683,Kylynn,G,male ,ASSAM
684,Zia,H,female,JAIPUR
685,Lee,I,male,ANDHRA
686,Patience,J,male ,TELANGANA
687,Dakota,K,female,UP
688,Lisandra,L,male,GUJARAT
689,Shay,M,male ,ORISA
690,Sigourney,N,female,BANGLORE
691,Zenia,O,male,BIHAR
692,Galena,P,male ,DELHI
693,Margaret,Q,female,TAMILNADU
694,Nerea,R,male,KERALA
695,Tanya,S,male ,ASSAM
696,Kendall,T,female,JAIPUR
697,Rose,U,male,ANDHRA
698,Erin,V,male ,TELANGANA
699,Violet,W,female,UP
700,Halee,X,male,GUJARAT
701,Grace,Y,male ,ORISA
702,Cecilia,Z,female,BANGLORE
703,Blythe,A,male,BIHAR
704,Charde,B,male ,DELHI
705,Hayfa,C,female,TAMILNADU
706,Imani,D,male,KERALA
707,Cassady,E,male ,ASSAM
708,Kerry,F,female,JAIPUR
709,Brynne,G,male,ANDHRA
710,Kelsey,H,male ,TELANGANA
711,Tara,I,female,UP
712,Lynn,J,male,GUJARAT
713,Alana,K,male ,ORISA
714,Sonia,L,female,BANGLORE
715,Tanya,M,male,BIHAR
716,Idona,N,male ,DELHI
717,Deirdre,O,female,TAMILNADU
718,Naomi,P,male,KERALA
719,Deirdre,Q,male ,ASSAM
720,Regina,R,female,JAIPUR
721,Nomlanga,S,male,ANDHRA
722,Zelda,T,male ,TELANGANA
723,Ursa,U,female,UP
724,Kiayada,V,male,GUJARAT
725,Nicole,W,male ,ORISA
726,Xaviera,X,female,BANGLORE
727,Zelenia,Y,male,BIHAR
728,Phoebe,Z,male ,DELHI
729,Shay,A,female,TAMILNADU
730,Shaeleigh,B,male,KERALA
731,Idona,C,male ,ASSAM
732,Neve,D,female,JAIPUR
733,Ciara,E,male,ANDHRA
734,Laurel,F,male ,TELANGANA
735,Ignacia,G,female,UP
736,Aphrodite,H,male,GUJARAT
737,Gay,I,male ,ORISA
738,Ruth,J,female,BANGLORE
739,Indira,K,male,BIHAR
740,Rinah,L,male ,DELHI
741,Eve,M,female,TAMILNADU
742,Nicole,N,male,KERALA
743,Freya,O,male ,ASSAM
744,Cara,P,female,JAIPUR
745,Rana,Q,male,ANDHRA
746,Anika,R,male ,TELANGANA
747,Avye,S,female,UP
748,Robin,T,male,GUJARAT
749,Astra,U,male ,ORISA
750,Freya,V,female,BANGLORE
751,Sacha,W,male,BIHAR
752,Madonna,X,male ,DELHI
753,Noelle,Y,female,TAMILNADU
754,Kay,Z,male,KERALA
755,Pearl,A,male ,ASSAM
756,Genevieve,B,female,JAIPUR
757,Madonna,C,male,ANDHRA
758,Eden,D,male ,TELANGANA
759,Anne,E,female,UP
760,Rana,F,male,GUJARAT
761,Calista,G,male ,ORISA
762,Yoko,H,female,BANGLORE
763,Summer,I,male,BIHAR
764,Karen,J,male ,DELHI
765,Giselle,K,female,TAMILNADU
766,Reagan,L,male,KERALA
767,Naida,M,male ,ASSAM
768,Jordan,N,female,JAIPUR
769,Medge,O,male,ANDHRA
770,Celeste,P,male ,TELANGANA
771,Melissa,Q,female,UP
772,Madeline,R,male,GUJARAT
773,Jena,S,male ,ORISA
774,Lee,T,female,BANGLORE
775,Cora,U,male,BIHAR
776,Scarlett,V,male ,DELHI
777,Phyllis,W,female,TAMILNADU
778,Alma,X,male,KERALA
779,Brielle,Y,male ,ASSAM
780,Melinda,Z,female,JAIPUR
781,Petra,A,male,ANDHRA
782,Shelly,B,male ,TELANGANA
783,Kylynn,C,female,UP
784,Zia,D,male,GUJARAT
785,Lee,E,male ,ORISA
786,Patience,F,female,BANGLORE
787,Dakota,G,male,BIHAR
788,Lisandra,H,male ,DELHI
789,Shay,I,female,TAMILNADU
790,Sigourney,J,male,KERALA
791,Zenia,K,male ,ASSAM
792,Galena,L,female,JAIPUR
793,Margaret,M,male,ANDHRA
794,Nerea,N,male ,TELANGANA
795,Tanya,O,female,UP
796,Kendall,P,male,GUJARAT
797,Rose,Q,male ,ORISA
798,Erin,R,female,BANGLORE
799,Violet,S,male,BIHAR
800,Halee,T,male ,DELHI
801,Grace,U,female,TAMILNADU
802,Cecilia,V,male,KERALA
803,Blythe,W,male ,ASSAM
804,Charde,X,female,JAIPUR
805,Hayfa,Y,male,ANDHRA
806,Imani,Z,male ,TELANGANA
807,Cassady,A,female,UP
808,Kerry,B,male,GUJARAT
809,Brynne,C,male ,ORISA
810,Kelsey,D,female,BANGLORE
811,Tara,E,male,BIHAR
812,Lynn,F,male ,DELHI
813,Alana,G,female,TAMILNADU
814,Sonia,H,male,KERALA
815,Tanya,I,male ,ASSAM
816,Idona,J,female,JAIPUR
817,Deirdre,K,male,ANDHRA
818,Naomi,L,male ,TELANGANA
819,Deirdre,M,female,UP
820,Regina,N,male,GUJARAT
821,Nomlanga,O,male ,ORISA
822,Zelda,P,female,BANGLORE
823,Ursa,Q,male,BIHAR
824,Kiayada,R,male ,DELHI
825,Nicole,S,female,TAMILNADU
826,Xaviera,T,male,KERALA
827,Zelenia,U,male ,ASSAM
828,Phoebe,V,female,JAIPUR
829,Shay,W,male,ANDHRA
830,Shaeleigh,X,male ,TELANGANA
831,Idona,Y,female,UP
832,Neve,Z,male,GUJARAT
833,Ciara,A,male ,ORISA
834,Laurel,B,female,BANGLORE
835,Ignacia,C,male,BIHAR
836,Aphrodite,D,male ,DELHI
837,Gay,E,female,TAMILNADU
838,Ruth,F,male,KERALA
839,Indira,G,male ,ASSAM
840,Rinah,H,female,JAIPUR
841,Eve,I,male,ANDHRA
842,Nicole,J,male ,TELANGANA
843,Freya,K,female,UP
844,Cara,L,male,GUJARAT
845,Rana,M,male ,ORISA
846,Anika,N,female,BANGLORE
847,Avye,O,male,BIHAR
848,Robin,P,male ,DELHI
849,Astra,Q,female,TAMILNADU
850,Freya,R,male,KERALA
851,Sacha,S,male ,ASSAM
852,Madonna,T,female,JAIPUR
853,Noelle,U,male,ANDHRA
854,Kay,V,male ,TELANGANA
855,Pearl,W,female,UP
856,Genevieve,X,male,GUJARAT
857,Madonna,Y,male ,ORISA
858,Eden,Z,female,BANGLORE
859,Anne,A,male,BIHAR
860,Rana,B,male ,DELHI
861,Calista,C,female,TAMILNADU
862,Yoko,D,male,KERALA
863,Summer,E,male ,ASSAM
864,Karen,F,female,JAIPUR
865,Giselle,G,male,ANDHRA
866,Reagan,H,male ,TELANGANA
867,Naida,I,female,UP
868,Jordan,J,male,GUJARAT
869,Medge,K,male ,ORISA
870,Celeste,L,female,BANGLORE
871,Melissa,M,male,BIHAR
872,Madeline,N,male ,DELHI
873,Jena,O,female,TAMILNADU
874,Lee,P,male,KERALA
875,Cora,Q,male ,ASSAM
876,Scarlett,R,female,JAIPUR
877,Phyllis,S,male,ANDHRA
878,Alma,T,male ,TELANGANA
879,Brielle,U,female,UP
880,Melinda,V,male,GUJARAT
881,Petra,W,male ,ORISA
882,Shelly,X,female,BANGLORE
883,Kylynn,Y,male,BIHAR
884,Zia,Z,male ,DELHI
885,Lee,A,female,TAMILNADU
886,Patience,B,male,KERALA
887,Dakota,C,male ,ASSAM
888,Lisandra,D,female,JAIPUR
889,Shay,E,male,ANDHRA
890,Sigourney,F,male ,TELANGANA
891,Zenia,G,female,UP
892,Galena,H,male,GUJARAT
893,Margaret,I,male ,ORISA
894,Nerea,J,female,BANGLORE
895,Tanya,K,male,BIHAR
896,Kendall,L,male ,DELHI
897,Rose,M,female,TAMILNADU
898,Erin,N,male,KERALA
899,Violet,O,male ,ASSAM
900,Halee,P,female,JAIPUR
901,Grace,Q,male,ANDHRA
902,Cecilia,R,male ,TELANGANA
903,Blythe,S,female,UP
904,Charde,T,male,GUJARAT
905,Hayfa,U,male ,ORISA
906,Imani,V,female,BANGLORE
907,Cassady,W,male,BIHAR
908,Kerry,X,male ,DELHI
909,Brynne,Y,female,TAMILNADU
910,Kelsey,Z,male,KERALA
911,Tara,A,male ,ASSAM
912,Lynn,B,female,JAIPUR
913,Alana,C,male,ANDHRA
914,Sonia,D,male ,TELANGANA
915,Tanya,E,female,UP
916,Idona,F,male,GUJARAT
917,Deirdre,G,male ,ORISA
918,Naomi,H,female,BANGLORE
919,Deirdre,I,male,BIHAR
920,Regina,J,male ,DELHI
921,Nomlanga,K,female,TAMILNADU
922,Zelda,L,male,KERALA
923,Ursa,M,male ,ASSAM
924,Kiayada,N,female,JAIPUR
925,Nicole,O,male,ANDHRA
926,Xaviera,P,male ,TELANGANA
927,Zelenia,Q,female,UP
928,Phoebe,R,male,GUJARAT
929,Shay,S,male ,ORISA
930,Shaeleigh,T,female,BANGLORE
931,Idona,U,male,BIHAR
932,Neve,V,male ,DELHI
933,Ciara,W,female,TAMILNADU
934,Laurel,X,male,KERALA
935,Ignacia,Y,male ,ASSAM
936,Aphrodite,Z,female,JAIPUR
937,Gay,A,male,ANDHRA
938,Ruth,B,male ,TELANGANA
939,Indira,C,female,UP
940,Rinah,D,male,GUJARAT
941,Eve,E,male ,ORISA
942,Nicole,F,female,BANGLORE
943,Freya,G,male,BIHAR
944,Cara,H,male ,DELHI
945,Rana,I,female,TAMILNADU
946,Anika,J,male,KERALA
947,Avye,K,male ,ASSAM
948,Robin,L,female,JAIPUR
949,Astra,M,male,ANDHRA
950,Freya,N,male ,TELANGANA
951,Sacha,O,female,UP
952,Madonna,P,male,GUJARAT
953,Noelle,Q,male ,ORISA
954,Kay,R,female,BANGLORE
955,Pearl,S,male,BIHAR
956,Genevieve,T,male ,DELHI
957,Madonna,U,female,TAMILNADU
958,Eden,V,male,KERALA
959,Anne,W,male ,ASSAM
960,Rana,X,female,JAIPUR
961,Calista,Y,male,ANDHRA
962,Yoko,Z,male ,TELANGANA
963,Summer,A,female,UP
964,Karen,B,male,GUJARAT
965,Giselle,C,male ,ORISA
966,Reagan,D,female,BANGLORE
967,Naida,E,male,BIHAR
968,Jordan,F,male ,DELHI
969,Medge,G,female,TAMILNADU
970,Celeste,H,male,KERALA
971,Melissa,I,male ,ASSAM
972,Madeline,J,female,JAIPUR
973,Jena,K,male,ANDHRA
974,Lee,L,male ,TELANGANA
975,Cora,M,female,UP
976,Scarlett,N,male,GUJARAT
977,Phyllis,O,male ,ORISA
978,Alma,P,female,BANGLORE
979,Brielle,Q,male,BIHAR
980,Melinda,R,male ,DELHI
981,Petra,S,female,TAMILNADU
982,Shelly,T,male,KERALA
983,Kylynn,U,male ,ASSAM
984,Zia,V,female,JAIPUR
985,Lee,W,male,ANDHRA
986,Patience,X,male ,TELANGANA
987,Dakota,Y,female,UP
988,Lisandra,Z,male,GUJARAT
989,Shay,A,male ,ORISA
990,Sigourney,B,female,BANGLORE
991,Zenia,C,male,BIHAR
992,Galena,D,male ,DELHI
993,Margaret,E,female,TAMILNADU
994,Nerea,F,male,KERALA
995,Tanya,G,male ,ASSAM
996,Kendall,H,female,JAIPUR
997,Rose,I,male,ANDHRA
998,Erin,J,male ,TELANGANA
999,Violet,K,female,UP
